GESTGNLI,7.665
HESTGNLI,7.607
IESTGNLI,7.715
KESTGNLI,7.308
LESTGNLI,7.716
MESTGNLI,7.716
NESTGNLI,7.736
PESTGNLI,7.426
QESTGNLI,7.727
RESTGNLI,7.544
SESTGNLI,7.641
FEFTGNLN,8
FEGTGNLN,8.265
FEHTGNLN,7.982
FEITGNLN,8.197
FEKTGNLN,7.904
FELTGNLN,8.343
FEMTGNLN,8.222
FENTGNLN,8.224
FEPTGNLN,8.043
FEQTGNLN,8.217
FERTGNLN,8.3
FESAGNLI,8.031
FESDGNLI,7.89
FESEGNLI,7.972
FESFGNLI,8.085
FESGGNLI,7.985
FESHGNLI,8.248
FESIGNLI,8.239
FESKGNLI,7.978
FESLGNLI,8.403
FESMGNLI,8.04
FESNGNLI,7.88
FESPGNLI,8.042
FESQGNLI,8.094
FESRGNLI,8.095
FESSGNLI,8.046
FESTANLI,7.994
FESTDNLI,7.743
FESTENLI,7.583
FESTFNLI,7.895
FESTGALI,7.964
FESTGDLI,7.683
FESTGELI,7.593
FESTGFLI,8.267
FESTGGLI,7.946
FESTGHLI,7.997
FESTGILI,8.098
FESTGKLI,7.927
FESTGLLI,8.079
FESTGMLI,7.979
FESTGNAI,7.602
FESTGNDI,7.29
FESTGNEI,7.541
FESTGNFI,8.044
FESTGNGI,7.209
FESTGNHI,7.742
FESTGNII,7.551
FESTGNKI,7.159
FESTGNLA,7.455
FESTGNLD,5.01
FESTGNLE,4.707
FESTGNLF,7.848
FESTGNLG,6.051
FESTGNLH,6
FESTGNLI,8.046
FESTGNLK,5.01
FESTGNLL,7.737
FESTGNLM,7.212
FESTGNLN,7
FESTGNLP,5.919
FESTGNLQ,5.687
FESTGNLR,5.232
FESTGNLS,7.525
FESTGNLT,7.293
FESTGNLV,7.626
FESTGNLW,7.293
TESTGNLI,7.535
VESTGNLI,7.545
WESTGNLI,7.74
YESTGNLI,7.74
DGLGGKLV,7.959
FAFPGELL,7.022
FAFWAFVV,7.523
FLHPSMPV,7.149
HAIHGLLV,7.319
LEILNGEI,7.921
FESTGNYI,7.793
FESTGPLI,8.302
FESTGQLI,7.92
FESTGRLI,8.222
FESTGSLI,7.992
FESTGTLI,7.992
FESTGVLI,8.023
FESTGWLI,7.872
FESTGYLI,8.215
FESTHNLI,7.836
FESTINLI,7.887
FESTKNLI,7.304
FESTLNLI,7.898
FESTMNLI,7.888
FESTNNLI,7.748
FESTPNLI,8.141
FESTQNLI,7.819
FESTRNLI,7.679
FESTSNLI,7.821
FESTTNLI,7.821
FESTVNLI,7.912
FESTWNLI,7.832
FESTYNLI,7.46
FESVGNLI,8.23
FESWGNLI,7.989
FESYGNLI,8.099
FETTGNLN,8.232
FEVTGNLN,8.223
FEWTGNLN,8.225
FEYTGNLN,8.176
FFSTGNLI,5.421
FGSTGNLI,7.846
FHSTGNLI,5.122
FISTGNLI,6.329
FKSTGNLI,5.026
FLSTGNLI,7.088
FMSTGNLI,6.863
FNSTGNLI,6.244
FPSTGNLI,8.113
FQSTGNLI,7.013
FRSTGNLI,4.192
FSSTGNLI,7.718
FTSTGNLI,7.547
FVSTGNLI,7.216
FWSTGNLI,5.325
FYSTGNLI,5.592
AESKSVII,6.648
NEKSFKDI,6.91
QTFVVGCI,6.796
AESTGNLI,7.624
DESTGNLI,7.712
EESTGNLI,7.732
FASTGNLI,7.429
FDSTGNLI,7.814
FEATGNLN,8.178
FEDTGNLN,8.199
FEETGNLN,8.028
FESTGNLY,6.01
FESTGNMI,7.612
FESTGNNI,7.521
FESTGNPI,7.41
FESTGNQI,7.612
FESTGNRI,8.004
FESTGNSI,7.612
FESTGNTI,7.652
FESTGNVI,7.421
FESTGNWI,7.974
